2024-03-16 21:29,test3,Déconnecté
2024-03-16 21:29,test2,Déconnecté
2024-03-16 21:30,test1,Déconnecté
2024-03-16 21:33,test2,Déconnecté
2024-03-16 21:33,test1,Déconnecté
2024-03-16 21:37,miranto,Déconnecté
2024-03-16 21:39,test2,Déconnecté
2024-03-16 21:42,miranto,Déconnecté
2024-03-16 21:49,test2,Déconnecté
2024-03-16 21:53,miranto,Déconnecté
2024-03-16 22:12,test3,Déconnecté
2024-03-16 22:18,123,Déconnecté
2024-03-16 22:47,test2,Déconnecté
2024-03-16 22:48,miranto,Déconnecté
2024-03-16 22:57,test2,Déconnecté
2024-03-17 00:36,ib,Déconnecté
2024-03-17 00:36,test2,Déconnecté
2024-03-17 00:36,ib,Déconnecté
2024-03-17 00:36,test2,Déconnecté
2024-03-17 00:38,test1,Déconnecté
2024-03-17 00:40,miranto,Déconnecté
"2024-03-17 00:40",test1,Connecté
